{"cameraMode":{"drawMode":0,"name":"Shaded","section":"Shading Mode"},"sceneLighting":true,"audioPlay":false,"sceneViewState":{"m_AlwaysRefresh":false,"showFog":true,"showSkybox":true,"showFlares":true,"showImageEffects":true,"showParticleSystems":true,"showVisualEffectGraphs":true,"m_FxEnabled":true},"in2DMode":false,"pivot":{"x":-0.10671065747737885,"y":1.233838677406311,"z":0.10189559310674668},"rotation":{"x":0.015654873102903367,"y":0.98430335521698,"z":-0.12949536740779878,"w":0.11898712068796158},"size":0.4816352128982544,"orthographic":false}